cliente_id,nombre,apellido,ciudad,fecha_registro
1,Amanda,Carson,North James,2024-10-12
2,Michelle,Malone,West Michelle,2024-05-23
3,Betty,Clayton,Rosefort,2024-09-20
4,Jasmine,Kerr,West Victoria,2024-05-14
5,Matthew,Garza,Jenniferfurt,2024-09-14
6,Jay,Henry,Haileyfort,2023-07-11
7,Rebecca,Reyes,Randyfurt,2025-06-15
8,Briana,Hall,Zacharyton,2024-06-28
9,Philip,Mason,Raymondstad,2024-12-03
10,Jessica,Lawson,North Jessicaville,2023-09-19
11,Corey,Young,North Laurenland,2025-03-05
12,James,Miller,Kaylaville,2025-03-17
13,Adrian,Williams,East Teresashire,2024-11-18
14,Amanda,Wood,Lake Rebecca,2024-09-05
15,Austin,Hines,New Shawnchester,2024-07-08
16,David,Davis,East Heather,2024-04-09
17,Anne,Decker,Flemingfurt,2025-02-23
18,Thomas,Valenzuela,Kimberg,2024-05-13
19,Angela,Fry,East Michael,2024-08-13
20,Timothy,Cunningham,Marcbury,2024-11-11
21,Taylor,Phillips,Conleyside,2024-11-29
22,Jody,Gomez,Hardyton,2023-08-24
23,Melissa,Nelson,Dennisbury,2025-04-07
24,Laura,Collins,Savannahmouth,2024-12-30
25,Gary,Allen,West Danielburgh,2025-01-04
26,Cathy,Whitney,Holmesville,2023-07-22
27,Amanda,Knox,New Donaldstad,2025-05-09
28,Vicki,King,Emilychester,2023-08-05
29,Austin,Harris,Ellenhaven,2024-08-12
30,Andrea,Gutierrez,Port Jenniferview,2024-09-27
31,Jennifer,Gomez,Alecberg,2023-07-14
32,Christopher,Coffey,Turnerview,2025-05-22
33,Mary,Garcia,Kingfurt,2024-04-28
34,Julie,Johnson,West Felicialand,2024-11-23
35,Chloe,Ritter,North Jon,2023-10-06
36,April,Joseph,Nicolestad,2025-03-04
37,Trevor,Davila,Port Scott,2025-02-28
38,Rachel,Cabrera,South Roy,2025-03-21
39,Jon,Meza,Port Whitneyfort,2025-01-07
40,Omar,Pitts,East Davidside,2025-01-01
41,Chad,Whitehead,Romerohaven,2023-10-30
42,Cindy,Costa,South Jeremy,2023-08-25
43,Juan,Porter,East Derrick,2023-07-24
44,Elizabeth,Cox,West Matthew,2024-09-03
45,Nathan,Hill,South Patrick,2024-12-08
46,Margaret,Webb,Kimberlyton,2023-09-11
47,Benjamin,Mitchell,Shannonton,2023-09-03
48,Marc,Reynolds,West Brianfort,2024-05-27
49,Jesus,Adams,Meyerhaven,2024-05-03
50,Matthew,Fisher,South Ashley,2024-04-30
51,Cynthia,Murray,Anthonyton,2025-01-25
52,Gina,Stephens,Barbarachester,2025-05-31
53,Bradley,Bautista,Port Christopher,2025-01-27
54,Michele,Edwards,Cindyview,2023-12-14
55,Miguel,Davis,West Michelle,2024-11-04
56,Kimberly,Cortez,West Teresa,2024-03-25
57,Donald,Morris,South Sandraborough,2024-09-10
58,Teresa,Foster,West Patriciatown,2025-04-08
59,Vanessa,Roberson,East Josephland,2024-10-05
60,Andrew,Smith,Martinchester,2024-11-15
61,Elizabeth,Nelson,Haneytown,2024-06-02
62,Christine,Smith,Andrewchester,2024-11-04
63,Brian,Garcia,Clarkview,2023-09-19
64,Amber,Rose,Darrelltown,2025-03-19
65,Derrick,Ramirez,Courtneyhaven,2024-01-27
66,Mary,Bradley,East Isaiah,2023-10-11
67,Gary,Simpson,Jessicashire,2024-09-13
68,Julie,Evans,Lopezbury,2024-11-26
69,Thomas,Nixon,Baileyberg,2024-11-11
70,Chase,Santana,South Robert,2024-10-26
71,Roy,Newman,North Michaelfort,2023-06-18
72,Valerie,Schultz,Hunterfurt,2024-12-07
73,Brent,Bradshaw,Lake Gary,2024-09-20
74,Ryan,Harris,Ashleymouth,2024-09-07
75,Tamara,Young,North Alan,2025-04-03
76,Matthew,Gallegos,Sarahmouth,2025-02-21
77,Hayden,Hopkins,Rodriguezbury,2025-05-16
78,Shannon,Cooper,South Amandaton,2023-12-30
79,Diana,Evans,Mcneilshire,2023-08-05
80,Ronald,Ward,Ericksonport,2024-03-06
81,Jennifer,Sanders,Morseville,2024-04-02
82,Joshua,Cortez,Piercehaven,2025-02-28
83,Michael,Smith,New Robinton,2025-05-25
84,Kevin,Villarreal,East Jonathanmouth,2024-10-03
85,Michael,Roberts,Michaelberg,2024-05-23
86,Alyssa,Clark,Paulton,2024-06-11
87,Troy,Peters,Port Nicoletown,2024-03-27
88,Zachary,Rice,New Connieview,2024-09-13
89,Tyler,Logan,Davidsonfort,2024-08-28
90,Christina,Campos,Deniseville,2024-04-23
91,Kathryn,Washington,New Joseph,2024-08-22
92,Glenn,Phillips,Denisemouth,2024-08-24
93,Kimberly,Thompson,Jeffreytown,2023-12-09
94,Michelle,Shannon,West Tony,2024-10-29
95,Debra,Barnes,Lindachester,2024-09-28
96,Rachel,Lee,New Devon,2025-01-06
97,Amy,Wilson,Crosbyton,2024-04-02
98,Ashley,Castillo,Brittanytown,2024-10-12
99,Brian,Kim,New Larry,2024-01-24
100,Beth,Newton,Johnsonport,2024-01-16
